<configs>

<csv xpath="/entitygroups/entitygroup[starts-with(@name, 'feralHordeStageGS')]/text()" delim="\n" op="remove">zombieSpider*</csv>
<csv xpath="/entitygroups/entitygroup[starts-with(@name, 'feralHordeStageGS')]/text()" delim="\n" op="remove">zombieFatCop*</csv>
<csv xpath="/entitygroups/entitygroup[starts-with(@name, 'feralHordeStageGS')]/text()" delim="\n" op="remove">zombieDemolition*</csv>
<csv xpath="/entitygroups/entitygroup[starts-with(@name, 'feralHordeStageGS')]/text()" delim="\n" op="remove">animalZombieDog*</csv>
<csv xpath="/entitygroups/entitygroup[starts-with(@name, 'feralHordeStageGS')]/text()" delim="\n" op="remove">animalDireWolf*</csv>
<csv xpath="/entitygroups/entitygroup[starts-with(@name, 'feralHordeStageGS')]/text()" delim="\n" op="remove">animalZombieVulture*</csv>
<csv xpath="/entitygroups/entitygroup[starts-with(@name, 'feralHordeStageGS')]/text()" delim="\n" op="remove">*Feral*</csv>
<csv xpath="/entitygroups/entitygroup[starts-with(@name, 'feralHordeStageGS')]/text()" delim="\n" op="remove">*Radiated*</csv>

</configs>