<configs>

<csv xpath="/entitygroups/entitygroup[starts-with(@name, 'feralHordeStageGS')]/text()" delim="\n" op="remove">zombieSpider*</csv>
<csv xpath="/entitygroups/entitygroup[starts-with(@name, 'feralHordeStageGS')]/text()" delim="\n" op="remove">zombieFatCop*</csv>
<csv xpath="/entitygroups/entitygroup[starts-with(@name, 'feralHordeStageGS')]/text()" delim="\n" op="remove">zombieDemolition*</csv>
<csv xpath="/entitygroups/entitygroup[starts-with(@name, 'feralHordeStageGS')]/text()" delim="\n" op="remove">animalZombieDog*</csv>
<csv xpath="/entitygroups/entitygroup[starts-with(@name, 'feralHordeStageGS')]/text()" delim="\n" op="remove">animalDireWolf*</csv>
<csv xpath="/entitygroups/entitygroup[starts-with(@name, 'feralHordeStageGS')]/text()" delim="\n" op="remove">animalZombieVulture*</csv>
<csv xpath="/entitygroups/entitygroup[starts-with(@name, 'feralHordeStageGS')]/text()" delim="\n" op="remove">*Feral*</csv>
<csv xpath="/entitygroups/entitygroup[starts-with(@name, 'feralHordeStageGS')]/text()" delim="\n" op="remove">*Radiated*</csv>

    <csv xpath="/entitygroups/entitygroup[starts-with(@name, 'feralHordeStageGS')]/text()" delim="\n" op="add">
        zombieMarlene, .99
        zombiePartyGirl, .99
        zombieNurse, .99
        zombieJoe, .99
        zombieSteve, .99
        zombieTomClark, .99
        zombieBusinessMan, .99
        zombieBoe, .99
        zombieMaleHazmat, .99
        zombieJanitor, .99
        zombieMoe, .99
        zombieDarlene, .99
        zombieYo, .99
        zombieUtilityWorker, .99
        zombieBiker, .99
        zombieLumberjack, .99
        zombieFemaleFat, .99
        zombieFatHawaiian, .99
        zombieBowler, .99
        zombieSkateboarder, .99
        zombieSoldier, .99
    </csv>

</configs>